mode,family_semantics,rows,samples,expected_component,expected_component_mean_overlap,max_other_component_mean_overlap,specificity_margin,specificity_status,mean_support_overlap,mean_frontier_overlap,mean_orientation_overlap,mean_ledger_overlap,mean_causal_past_overlap,mean_bdg_kernel_overlap,mean_firewall_overlap
ledger_failure,at_least_k,80,48000,ledger_overlap,0.8930083975,0.8472148275,0.04579357000000006,weak_or_tied_specificity,0.8077082883333333,0.8077082883333333,0.8077082883333333,0.8930083975,0.8458046129166665,0.8416177275,0.8472148275
ledger_failure,augmented_exact_k,80,48000,ledger_overlap,0.8794828879166666,0.8322002354166667,0.047282652499999966,weak_or_tied_specificity,0.7840277491666666,0.7840277491666666,0.7840277491666666,0.8794828879166666,0.8267687683333333,0.8227000654166668,0.8322002354166667
orientation_degradation,at_least_k,80,48000,orientation_overlap,0.8077082883333333,0.8930083975,-0.08530010916666675,orientation_confounded_with_support_frontier,0.8077082883333333,0.8077082883333333,0.8077082883333333,0.8930083975,0.8458046129166665,0.8416177275,0.8472148275
orientation_degradation,augmented_exact_k,80,48000,orientation_overlap,0.7840277491666666,0.8794828879166666,-0.09545513875,orientation_confounded_with_support_frontier,0.7840277491666666,0.7840277491666666,0.7840277491666666,0.8794828879166666,0.8267687683333333,0.8227000654166668,0.8322002354166667
selector_stress,at_least_k,80,48000,none,,0.8930083975,,not_certification_channel,0.8077082883333333,0.8077082883333333,0.8077082883333333,0.8930083975,0.8458046129166665,0.8416177275,0.8472148275
selector_stress,augmented_exact_k,80,48000,none,,0.8794828879166666,,not_certification_channel,0.7840277491666666,0.7840277491666666,0.7840277491666666,0.8794828879166666,0.8267687683333333,0.8227000654166668,0.8322002354166667
