quantity,weighted_sim,weighted_conditional_poisson,weighted_ratio,weighted_delta
N1,1.7737166324442508,1.7412290496322795,1.0186578456285416,0.03248758281197128
N2,1.953798767962813,2.3309330145992404,0.8382045969256356,-0.37713424663642736
N3,0.713552361380349,0.5670922358321355,1.2582650868659875,0.14646012554821353
N4,0.9509240246469405,0.7139158206439425,1.3319834035744154,0.23700820400299794
S,12.689000000030001,16.46226838316266,0.7707929250508456,-3.773268383132658
