measure,n,mean_N1,mean_N2,mean_N3,mean_N4,mean_V4,mean_S,mean_parent_size,mean_frontier_parent_size,mean_mu_v4
closure_uniform,5000,2.4514,1.9294,0.5346,0.8964,5.8118,14.5308,2.4514,2.4514,1.848667103075
parent_subset_uniform,5000,1.7276,1.903,0.695,0.9262,5.2518,12.689,3.3812,1.7276,1.819527252
profile_uniform,5000,2.3018,1.9908000000000001,0.5294,0.9466,5.7686,15.7178,2.3018,2.3018,1.8191870299000001
