z,Model_A_D_M_Milne_flat,Model_B_D_M_Milne_curved,D_M_EdS,Delta_alpha_perp_Model_A,Delta_alpha_perp_Model_B,Bracket_ratio_B_over_A
0.200000,0.182322,0.183333,0.174258,0.042283,0.047589,1.125477
0.400000,0.336472,0.342857,0.309691,0.073923,0.091548,1.238414
0.600000,0.470004,0.487500,0.418861,0.099272,0.133234,1.342110
0.800000,0.587787,0.622222,0.509288,0.120599,0.173503,1.438677
1.000000,0.693147,0.750000,0.585786,0.139172,0.212870,1.529549
1.200000,0.788457,0.872727,0.651600,0.155742,0.251640,1.615751
1.400000,0.875469,0.991667,0.709006,0.170784,0.289998,1.698040
1.600000,0.955511,1.107692,0.759653,0.184611,0.328053,1.776993
