estimator,bin_lo,bin_hi,n,mean_mu,mean_N1,mean_N2,mean_N3,mean_N4,mean_S,pois_N1,pois_N2,pois_N3,pois_N4,resid_N1,resid_N2,resid_N3,resid_N4
mu_v4,0.0000000000,0.2182255903,130,0.0000000000,0.0000000000,0.0000000000,0.0000000000,0.0000000000,1.0000000000,0.0000000000,0.0000000000,0.0000000000,0.0000000000,0.0000000000,0.0000000000,0.0000000000,0.0000000000
mu_v4,1.0911279514,1.3093535416,165,1.1041475573,1.0000000000,1.0000000000,0.0000000000,0.0000000000,9.0000000000,1.1041475573,0.6095709142,0.2243520786,0.0619294499,-0.1041475573,0.3904290858,-0.2243520786,-0.0619294499
mu_v4,1.3093535416,1.5275791319,205,1.4006773518,1.4195121951,1.5804878049,0.0000000000,0.0000000000,13.8048780488,1.4006773518,0.9809485219,0.4579974593,0.1603766671,0.0188348434,0.5995392830,-0.4579974593,-0.1603766671
mu_v4,1.5275791319,1.7458047222,1302,1.6354633478,1.3195084485,1.5798771121,0.5729646697,0.5276497696,8.9531490015,1.6354633478,1.3373701810,0.7290733045,0.2980931668,-0.3159548992,0.2425069312,-0.1561086347,0.2295566028
mu_v4,1.7458047222,1.9640303125,1021,1.8312368960,1.7717923604,2.0626836435,0.5044074437,0.6611165524,15.0107737512,1.8312368960,1.6767142846,1.0234870207,0.4685617987,-0.0594445356,0.3859693589,-0.5190795770,0.1925547537
mu_v4,1.9640303125,2.1822559027,1653,2.0639478360,2.0695704779,2.0526315789,0.8723532970,1.4349667272,14.9261947973,2.0639478360,2.1299403349,1.4653619150,0.7561076384,0.0056226419,-0.0773087559,-0.5930086180,0.6788590888
mu_v4,2.1822559027,2.4004814930,383,2.2824720047,2.2819843342,2.6971279373,1.4412532637,1.5796344648,12.5691906005,2.2824720047,2.6048392261,1.9818242035,1.1308645657,-0.0004876705,0.0922887112,-0.5405709398,0.4487698991
mu_v4,2.4004814930,2.6187070833,141,2.4351372740,2.5531914894,3.0992907801,1.5602836879,2.0709219858,17.9432624113,2.4351372740,2.9649467717,2.4066841330,1.4651515598,0.1180542153,0.1343440085,-0.8464004451,0.6057704260
