estimator,bin_lo,bin_hi,n,mean_mu,sim_N1,sim_N2,sim_N3,sim_N4,sim_S,raw_N1,raw_N2,raw_N3,raw_N4,raw_S,cond_Pacc,cond_N1,cond_N2,cond_N3,cond_N4,cond_S,cond_included_mass
mu_v4,0.0000000000,0.2618707083,130,0.0000000000,0.0000000000,0.0000000000,0.0000000000,0.0000000000,1.0000000000,0.0000000000,0.0000000000,0.0000000000,0.0000000000,1.0000000000,1.0000000000,0.0000000000,0.0000000000,0.0000000000,0.0000000000,1.0000000000,1.0000000000
mu_v4,1.0474828333,1.3093535416,165,1.1041475573,1.0000000000,1.0000000000,0.0000000000,0.0000000000,9.0000000000,1.1041475573,0.6095709142,0.2243520786,0.0619294499,2.2877930113,0.5495019010,0.8226309858,0.9761922257,0.0427503820,0.0976686246,9.0604419305,1.0000000000
mu_v4,1.3093535416,1.5712242500,205,1.4006773518,1.4195121951,1.5804878049,0.0000000000,0.0000000000,13.8048780488,1.4006773518,0.9809485219,0.4579974593,0.1603766671,2.3829133334,0.5594682821,1.2354351365,1.4300060941,0.1448498895,0.2259239210,12.1244128461,1.0000000000
mu_v4,1.5712242500,1.8330949583,2323,1.7215093197,1.5182953078,1.7920792079,0.5428325441,0.5863108050,11.6155832975,1.7215093197,1.4817971689,0.8503092120,0.3659538083,1.9373482739,0.5548217108,1.5955649808,1.9891901436,0.3616101846,0.4701383381,15.2824900632,1.0000000000
mu_v4,1.8330949583,2.0949656666,943,2.0000000000,2.0413573701,1.8313891835,0.7529162248,1.3743372216,14.3891834571,2.0000000000,2.0000000000,1.3333333333,0.6666666667,1.0000000000,0.5347238419,1.8819976371,2.5769292572,0.6689760768,0.8263214271,18.2173198662,1.0000000000
mu_v4,2.0949656666,2.3568363750,1093,2.1956930931,2.1683440073,2.4693504117,1.1747483989,1.5379688930,14.5635864593,2.1956930931,2.4105340795,1.7642643430,0.9684457581,0.0184501991,0.5175252265,2.0859852706,3.0456367956,0.9639885922,1.1838766635,20.3719417225,1.0000000000
mu_v4,2.3568363750,2.6187070833,141,2.4351372740,2.5531914894,3.0992907801,1.5602836879,2.0709219858,17.9432624113,2.4351372740,2.9649467717,2.4066841330,1.4651515598,-1.5363499795,0.4961479809,2.3374754122,3.6709702401,1.4218916142,1.7660330589,23.0792553936,1.0000000000
