estimator,bin_lo,bin_hi,n,mean_mu,sim_N1,sim_N2,sim_N3,sim_N4,sim_S,raw_N1,raw_N2,raw_N3,raw_N4,raw_S,cond_Pacc,cond_N1,cond_N2,cond_N3,cond_N4,cond_S,cond_included_mass
mu_depth,0.0000000000,0.3000000000,130,0.0000000000,0.0000000000,0.0000000000,0.0000000000,0.0000000000,1.0000000000,0.0000000000,0.0000000000,0.0000000000,0.0000000000,1.0000000000,1.0000000000,0.0000000000,0.0000000000,0.0000000000,0.0000000000,1.0000000000,1.0000000000
mu_depth,0.9000000000,1.2000000000,695,1.0238391425,1.1093525180,1.0719424460,0.6589928058,0.6949640288,4.5539568345,1.0238391425,0.5241232948,0.1788726482,0.0457842047,2.1975817767,0.5483647563,0.7011052061,0.8570077831,0.0278012819,0.0740464265,8.1595157433,1.0000000000
mu_depth,1.2000000000,1.5000000000,570,1.3324005088,1.5368421053,2.0228070175,0.8403508772,0.4473684211,7.8017543860,1.3324005088,0.8876455580,0.3942331310,0.1313191061,2.3992322651,0.5575638257,1.1477251494,1.3225008544,0.1139887831,0.1898601890,11.4498435221,1.0000000000
mu_depth,1.5000000000,1.8000000000,1367,1.6258955180,1.6335040234,1.9992684711,0.4754937820,0.7937088515,16.1016825165,1.6258955180,1.3217681177,0.7163522861,0.2911784928,2.1378089059,0.5587773657,1.4948234510,1.8107979954,0.2833829002,0.3820614452,14.3247236666,1.0000000000
mu_depth,1.8000000000,2.1000000000,1357,1.9357864808,2.0191599116,1.9602063375,0.7170228445,1.2092851879,14.8246131172,1.9357864808,1.8736346496,1.2089855415,0.5850844667,1.2638324345,0.5400783873,1.8157685391,2.4325423093,0.5868122757,0.7294290767,17.5235484478,1.0000000000
mu_depth,2.1000000000,2.4000000000,715,2.2131547241,2.2083916084,2.4307692308,1.0321678322,1.3426573427,14.8951048951,2.2131547241,2.4490269163,1.8066918297,0.9996221395,-0.0820046372,0.5159663571,2.1042978958,3.0893809265,0.9936730837,1.2206568550,20.5666159440,1.0000000000
mu_depth,2.4000000000,2.7000000000,152,2.4945828112,2.6052631579,2.9013157895,1.0460526316,1.2631578947,17.8750000000,2.4945828112,3.1114717010,2.5872746076,1.6135426910,-1.9793896960,0.4908742636,2.3999075237,3.8346909679,1.5534150395,1.9385962815,23.7664408076,1.0000000000
mu_depth,2.7000000000,3.0000000000,14,2.7888605442,3.0714285714,3.2142857143,1.2857142857,1.0714285714,14.8571428571,2.7888605442,3.8888715675,3.6151734921,2.5205536781,-4.4673628845,0.4655244380,2.7083785450,4.6954866645,2.3211578098,2.9838615008,27.2833684849,1.0000000000
