seed,n,mean_N1,mean_N2,mean_N3,mean_N4,mean_V4,mean_S,mean_parent_size,mean_mu_depth,mean_mu_v4,mean_mu_mle
chain2,1250,1.7024000000,1.8608000000,0.6072000000,0.8344000000,5.0048000000,13.0048000000,3.2096000000,1.6973150361,1.7465740055,1.7441860681
chain4,1250,1.6336000000,1.7416000000,0.8216000000,0.9272000000,5.1240000000,9.3128000000,3.4336000000,1.2844355089,1.8148945093,1.8698165696
sym_branch,1250,1.7664000000,1.9880000000,0.5960000000,0.9784000000,5.3288000000,15.4168000000,3.4392000000,1.9288501587,1.8351906198,1.8417654505
asym_branch,1250,1.8080000000,2.0216000000,0.7552000000,0.9648000000,5.5496000000,13.0216000000,3.4424000000,1.7462986436,1.8814498734,1.8915076102
