z,D_M_Milne,D_M_EdS,D_M_LCDM,H_Milne,H_EdS,H_LCDM,alpha_perp_Milne,alpha_perp_EdS,Delta_alpha_perp_endpoint,alpha_par_Milne,alpha_par_EdS,Delta_alpha_par_endpoint
0.200000,0.183333,0.174258,0.190701,1.200000,1.314534,1.103812,0.961367,0.913778,0.047589,0.919843,0.839698,0.080145
0.400000,0.342857,0.309691,0.362278,1.400000,1.656502,1.234180,0.946392,0.854845,0.091548,0.881557,0.745052,0.136505
0.600000,0.487500,0.418861,0.515176,1.600000,2.023858,1.388812,0.946278,0.813044,0.133234,0.868008,0.686220,0.181787
0.800000,0.622222,0.509288,0.650907,1.800000,2.414953,1.565120,0.955932,0.782429,0.173503,0.869511,0.648095,0.221416
1.000000,0.750000,0.585786,0.771427,2.000000,2.828427,1.760682,0.972224,0.759354,0.212870,0.880341,0.622495,0.257846
1.200000,0.872727,0.651600,0.878742,2.200000,3.263127,1.973423,0.993155,0.741515,0.251640,0.897011,0.604764,0.292246
1.400000,0.991667,0.709006,0.974701,2.400000,3.718064,2.201636,1.017406,0.727408,0.289998,0.917348,0.592146,0.325202
1.600000,1.107692,0.759653,1.060925,2.600000,4.192374,2.443931,1.044082,0.716029,0.328053,0.939974,0.582947,0.357027
