estimator,bin_lo,bin_hi,n,mean_mu,mean_N1,mean_N2,mean_N3,mean_N4,mean_S,pois_N1,pois_N2,pois_N3,pois_N4,resid_N1,resid_N2,resid_N3,resid_N4
mu_depth,0.0000000000,0.2500000000,130,0.0000000000,0.0000000000,0.0000000000,0.0000000000,0.0000000000,1.0000000000,0.0000000000,0.0000000000,0.0000000000,0.0000000000,0.0000000000,0.0000000000,0.0000000000,0.0000000000
mu_depth,1.0000000000,1.2500000000,756,1.0392628756,1.1481481481,1.1441798942,0.6732804233,0.6759259259,4.7843915344,1.0392628756,0.5400336623,0.1870789789,0.0486060594,0.1088852726,0.6041462319,0.4862014444,0.6273198665
mu_depth,1.2500000000,1.5000000000,509,1.3464710415,1.5304518664,2.0294695481,0.8408644401,0.4459724951,7.8487229862,1.3464710415,0.9064921328,0.4068551354,0.1369546645,0.1839808249,1.1229774153,0.4340093047,0.3090178306
mu_depth,1.5000000000,1.7500000000,1023,1.5835660430,1.6461388074,1.9169110459,0.4789833822,0.8367546432,15.6363636364,1.5835660430,1.2538407062,0.6618465219,0.2620194194,0.0625727645,0.6630703398,-0.1828631397,0.5747352238
mu_depth,1.7500000000,2.0000000000,882,1.8041854278,1.7777777778,2.0748299320,0.6326530612,1.0748299320,16.3718820862,1.8041854278,1.6275425290,0.9787961713,0.4414824473,-0.0264076500,0.4472874030,-0.3461431101,0.6333474847
mu_depth,2.0000000000,2.2500000000,1257,2.0550284640,2.1034208433,2.0986475736,0.8257756563,1.2084327765,14.2394590294,2.0550284640,2.1115709939,1.4464461654,0.7431220104,0.0483923793,-0.0129234203,-0.6206705091,0.4653107661
mu_depth,2.2500000000,2.5000000000,339,2.3225757363,2.3864306785,2.5899705015,1.0294985251,1.3244837758,16.0471976401,2.3225757363,2.6971790254,2.0881341869,1.2124624492,0.0638549422,-0.1072085239,-1.0586356619,0.1120213266
mu_depth,2.5000000000,2.7500000000,96,2.5575603505,2.7187500000,2.9791666667,0.9791666667,1.1666666667,18.7604166667,2.5575603505,3.2705574733,2.7882160393,1.7827576977,0.1611896495,-0.2913908066,-1.8090493726,-0.6160910310
mu_depth,2.7500000000,3.0000000000,8,2.8447916667,3.1250000000,3.0000000000,1.1250000000,1.1250000000,15.8750000000,2.8447916667,4.0464198134,3.8370737883,2.7289188843,0.2802083333,-1.0464198134,-2.7120737883,-1.6039188843
